Y,a.pinene,camphene,myrcene,?.Phellandrene,g.terpinene,p.cymene,terpinolene,Limonene_oxide_cis,Pinocarvone,Unk_1,bornylacetate,X4.ol.terpinen,trans.Verbenol,verbenone,sesquiterpeni.1,sesquiterpene.2,a.humulene,sesquiterpene.3,B.caryophillene.oxide,unk_.2,?.epi.Cadinol,Selina.6.en.4.ol,?.Cubebene,a.copaene,b.copaene
Abies alba,"37,9164360325459","0,712349957340364","2,09115864610053","1,5125671029909","0,0578355008532175","0,0180002550132329","0,216510843915016","0,0155110623341177",0,"2,4766828036537",0,"0,0453456496101179",0,0,"0,461924610673629","1,22895844432509","0,275788378234469","1,33313754934014",0,0,"1,62015968792499","4,02969239083137","1,22629269487053","0,682197237082711","1,07778713148069"
Abies alba,"11,9430087521342","0,176997298932429","4,24958297139132","0,559336706452731",0,"0,0209734223002276","0,353298198089486","0,20099709004515",0,"0,885546305882823",0,"0,0293218664125969",0,0,"0,0620309079532825","1,62749881135521","0,918921425073562","0,317058816041909","0,11462472823858","0,282809878274879","1,00378063570095","3,04016612099664","0,620802631999053","0,226910487373421","0,258663414402678"
Abies alba,"19,6946226938081","0,264168781741598","1,39685157191029","0,0612698060026808",0,"0,0610862533645755","0,0218915156186836","1,86875775568849",0,"0,331928155005335",0,0,"0,683367700104439","0,188823392391685","0,0222756227493603","0,0742614121531175",0,0,0,"4,41829977701911",0,"0,446150999171217","0,46388806866492","0,0461765134141814","0,0862259472040116"
Abies alba,"27,2243637731784","0,417184308146843","1,13638232410181","0,476714585229653",0,"0,0385951544813768","0,0406390664880808",0,0,"2,10471605091679",0,0,0,0,0,0,0,0,0,"15,604129244324",0,0,"0,122684575228655","0,124487692353255","0,153018321789997"
Abies alba,"20,0635179402899","0,237359384930136","1,96299492393673","1,05137022605349",0,"0,0399738652727213","0,0986808151812907","0,0418773092981764",0,"0,427643475852329",0,0,"0,603734033111408","0,455513801284212","0,0491994369710532","0,667796863562237","0,336373136241369","0,276581419650773",0,"2,5332514309028",0,"1,11558742526215","0,168288352044272","0,0832497516162926","0,163822109852441"
Abies alba,"22,4120398665415","0,449879071776091","1,19424107865252","0,298071432872116",0,"0,154942978984369","0,0535543143232166","0,195107657614943","1,52155652866555",0,0,0,"3,67364788817602","4,88675119334591","0,139752919341486",0,"0,0452461726324874","0,741878245195064","1,46317504150888","7,97078289976925",0,0,"0,415623447449803","0,19272661121378","0,275062097589719"
Abies alba,"27,2266485637458","0,677989162590128","0,486416216330881","0,321577867890882",0,"0,294054382820999","0,0480445564627918","0,317269000375686","1,56264437214878",0,0,0,"3,53698268359841","5,17462557075389",0,0,0,"0,811066284696361","1,11181591389185","19,269891596516",0,0,"0,528474843126861","0,546085112968666","0,462802669456693"
Abies alba,"24,5096692505248","0,452520927052892","1,88681990411008","0,928054132635949","0,0290312275041833","0,03214404293508","0,166022399783002","0,0190754423884775",0,"0,678564412272994",0,"0,0138376072676177","0,263239933178419",0,"0,195074176458773","0,573425291400777","0,229793778829921","1,15110554000848","0,0940884684029743","1,40886828893034","1,51123878908073","3,24409515843672","0,892573571603918","0,689940671316788","0,67699134934011"
Abies alba,"14,9285701044412","0,3086673907086","2,38935553165779","0,317369883476715","0,00980609332065052","0,0745873132625661","0,0821330798004271","0,607157838303335","0,592181307292101",0,0,0,"0,758634392094547","0,866146417870722","0,0589263038373467","0,294063154073287","0,0893785716398452","0,589043618390171","0,233024799770643","1,50564868475648","0,534990848317934","2,61289752380644","0,209112138638447","0,223550181653361","0,248728981897489"
Abies alba,"28,0539145515532","0,276166127133294","1,17436699446036","0,886464835435409",0,"0,124426901866031","0,0772190977038485",0,0,"0,360732062252276",0,0,"0,406456703180372",0,0,0,0,"0,216900413414329",0,"49,7046004106883",0,0,0,0,"0,089527879351896"
Abies alba,"14,591535979553","0,157869554020704","1,73756836625453","0,925526350054522",0,"0,0546888745131292","0,0573670731296382","0,128463054341566","0,245123707287994",0,0,0,"0,449079580037642","0,653859073021255","0,0410398776528103","0,302398736185926","0,153476320240398","0,551173768221553","0,0912509599281879","1,05568034845515","0,28109919802151","0,748797008288834","0,155879841221494","0,156783812383848","0,138804315319469"
Abies alba,"8,418346612227","0,0966800396527901","1,79901834361309","0,134556458147851",0,"0,0393398075901844","0,0240810712409648","0,228669847281723",0,"0,1730235021155",0,0,"0,295002719762177","0,427873445668231",0,"0,264156584662196","0,0703357179047791","0,211909012334366","0,294554895828949","2,14567217277692",0,"0,682165413315016","0,0515702966556268","0,0451131335917372","0,0449549235772047"
Abies alba,"28,2050093224211","0,437110995666916","0,702543312015887","0,668493982867062",0,"0,166890288494403","0,0706412680152955","0,178827106796682",0,"0,900899434381229",0,0,"1,85676892255125","3,26462864768774","0,0987057670301952","0,328695778777925","0,1401273490544","0,880457735620104","0,72819542399507","4,7168154203394",0,"2,69885917610455","0,613785204047897","0,396090432617772","0,525588467142365"
Abies alba,"18,9157840012374","0,24802690953664","0,784938464265053","0,375016976158705",0,"0,10337590465451","0,0474818647457951","0,406220173999393","0,562425839689784",0,0,0,"1,33474709549352","2,10534017400425",0,"0,137878878017812",0,"0,565569896754836",0,"17,9069108296018",0,"0,390346789230583","0,194039474421907","0,107033146830929","0,0530483933367852"
Abies alba,"23,4897564149417","0,361989312190121","0,688450961966961","0,629036110905668",0,"0,128947531325707","0,0420667927469529","0,200073689455328","1,09457749655732",0,0,0,"2,01417322349871","4,13440377130682","0,120163004245553","0,987613910815695","0,116539723977002","1,98249893734216","1,22275693119872","9,25491088287134","0,659522959763946","1,50785436958855","0,760431757938886","0,538918417076776","0,702626898208436"
Abies alba,"19,7821646951756","0,42043156302798","0,915073702011485","0,347801947714634",0,"0,2121167835146","0,0781739621815099","0,300616048138976","1,21851102130652",0,0,0,"2,96138890890628","2,78506439414946",0,0,"0,049501210036053","1,77310683040497","1,27141437344332","7,41700016586346","0,460707511722826","1,28896041866166","0,477549121588143","0,203357947048437","0,319521175159785"
Abies alba,"21,3775593348591","0,315290554833498","0,744409600048606","0,407009279355263",0,"0,149848571999081","0,0881022158466508","0,232175403920583","0,951205771286334",0,0,0,"2,65897231912836","4,07820654522886","0,0504559707270979","0,501019560499395","0,135994683252263","1,44984914321036","0,824939024498025","14,5768759872286","0,443631790335537","1,09911332060288","0,402298234108594","0,180876295755509","0,198966605819442"
Abies alba,"21,7209031985754","0,257795291735165","0,879837749117738","0,407360375644614",0,"0,168551082475591","0,112185607628652","0,351144763407117","0,596648548224605",0,0,0,"1,01689383864308","2,26963192078864","0,0575006656392512","0,500372774376918","0,130058080968726","0,974009750873976","2,31626501573275","13,0572724125135","0,348116606144882","0,838278243222051","0,298223063406736","0,14826254628329","0,154139411791572"
Abies alba,"18,780637337886","0,419256796295275","0,705516070780858","0,274994487337252","0,0243176558095791","0,322602119654844","0,0507739802836143","0,344063792700759","1,41377061309173",0,0,0,"3,20683933489885","4,41213753818252","0,0884251818243619","0,336298334028723","0,0974773300851701","1,31062278054793","1,31242411513081","7,89943443186079","0,987191740235386","1,8393995971494","0,57867183820763","0,347825960882611","0,493250122767"
Abies alba,"11,6644984188383","0,203835732787529","0,221338783602537","0,137725079450413",0,"0,15497033426963","0,0128797449705956","0,27012753882346","0,32633586704586",0,0,0,"0,334304902151059","1,75409625536213","0,0738997719561596","1,1669131158359","0,351607281375799","1,04939446035635",0,0,0,0,"0,550982232701418","0,45698997750581","0,186029902993123"
Abies alba,"9,02898961517168","0,262030028887303","0,739569496988064","0,140121350995918",0,"0,0738358630588715","0,0319729868832741","0,369061649310704",0,"0,235710223332212",0,0,"0,313089800794474","0,522600340103203",0,"0,208053137184737","0,038392327528622","0,175971120668828",0,"3,0127558600019",0,"0,561101447302716","0,25590841590736","0,0928124408385807","0,0625115655084302"
Abies alba,"20,9066553596016","0,351011802308082","0,206643436219333","0,0342774085318772","0,0098662181650653","0,0880745893922974","0,00728647746029196","0,103966613520211","0,442746050898496",0,0,0,"0,928659681962247","2,54807293775899","0,0592468784804145","0,31773537470507","0,0633282878958404","1,62402729800427","2,22197307148729","2,19482566224417","0,815799681169237","2,94562371111262","0,645311104234748","0,490751020385773","0,242396738636308"
Abies alba,"28,2312487587101","0,421480266130328","0,0610003897580376","0,0218436844526764",0,"0,0722321126358236",0,"0,0754092413632568",0,"1,01410852295122","1,01410852295122",0,"0,950417879198447","1,55134226300214",0,"0,487235056583874","0,146718908911463","0,892100008828892",0,"19,6307750617521","0,362822468331075","3,35014247062307","0,689866573859164","0,476822590788842","0,318299082251418"
Abies alba,"8,94054693111881","0,150048439039183","1,03689225650644","0,00398648807897328","0,00449305212139577","0,0822281145149442","0,00670693762109018","1,23584777431613","0,301063870074809",0,"0,301063870074809",0,"0,336449289843707","0,756158825968059","0,315468904531115","0,314944197327844","0,037301341822138","0,63159778765063","0,718726868814815","0,475392261954007","0,135926340202768","0,998480650179095","0,517812375596926","0,25759114204414","0,191829423604683"
Abies alba,"13,5648454031894","0,2027401627026","0,0490502762574359","0,0584553295035186",0,"0,17095333021414",0,"0,0926879839648964",0,"0,953649930697599","0,508108142287684",0,"0,530018917652847","1,67842124795146",0,"1,05978366015302","0,167344979402214","1,98605721332968",0,"11,0422259155244","0,550863960628723","3,02723164353192","0,946106550245975","0,757021791216069","0,266831943526659"
Abies alba,"20,0382712817538","0,315855082552963","0,0958037164521036","0,0674940471731863",0,"0,195637419646757","0,0171693912042196","0,0817263174432834",0,"1,03979856247676",0,0,"1,5265638991181","2,96013539424473","0,224986982344514","1,35048717665732","0,338164523458162","3,05863853609362","1,78533588314791","2,80557148885469","1,00942795206067","5,5596412919984","1,39561729534515","1,07785217065554","0,593470252800678"
Abies alba,"7,20118871158559","0,184010483331113","0,495033338800333","0,0510381514369056",0,"0,28297419346218",0,"0,238408353997949",0,"1,82259094064872","1,13954679909214",0,"0,894785327152451","3,95385451384971",0,0,0,"0,579931858707026",0,"31,8274943310786",0,0,"0,514107823737669","0,293815366824264","0,284873388684851"
Abies alba,"19,3339988148428","0,31954030625455","0,280720289501576","0,226350171295994","0,0398685659325028","0,0908473912621465","0,0462411946516468","0,0852812817449928",0,"2,44064059371442",0,0,"0,964301579760974","2,55067483849216","0,129589796914353","3,6365624121128","0,876836047669939","4,55704739754039",0,"5,12169121254509","0,555451960467021","13,0250485052231","1,2956699227267","0,958219563682641","0,678891227321366"
Abies alba,"60,297824625927","1,36422939975211","0,162393069712117","0,0178648625617609","0,0297143486027007","0,205590223574134","0,0338386920034516","0,0351026273517794","0,297589957842493",0,0,0,"3,74822697659544","2,04404198894751",0,"0,275939560369473","0,132823640936541","0,345104404271868",0,"2,57170383160771","0,0582173669188007","0,761611331504318","1,10114232456592","0,401919164029196","0,264733063300066"
Abies alba,"9,94306560078221","0,141620406704323","0,0362780514701248","0,0435770595989561",0,"0,166338013599167",0,"0,100158224394282",0,"0,569910386914542","0,349943933601384",0,"0,399437922798914","1,86038096197103",0,0,"0,13485844928308","1,4774699628085",0,"7,27271537790554","0,164500849827834","1,62576635733759","1,02052952424754","0,938460597789954","0,311239235653195"
Abies alba,"3,78878398935596","0,0803989047495618","0,0414893259925527",0,0,"0,138062818021656",0,"0,117407146255209",0,"0,806465412898866","0,804333591651966",0,"0,231011319196745","1,45945471441968","0,127695538558481",0,"0,0829605205598434","1,36213394264665",0,"3,7210673521982","0,0899140336163375","0,812798126951867","0,49042494359628","0,52637482008538","0,20632936318274"
Abies alba,"6,58096489693323","0,182275246053326","0,138049782804284",0,0,"0,216769253183071",0,"0,129767408084513",0,"1,31643538185234","1,31643538185234",0,"1,30626264260152","3,86847433573731",0,0,"0,0493899467434034","1,52314753185786",0,"15,8400623907531",0,0,"1,01012751735049","0,783441303811363","0,631368326578233"
Abies alba,"11,3641998210095","0,197810527680069","0,0161379560883392",0,0,"0,25292414504826",0,"0,0505358976477514",0,"1,18175931587655","0,892778840863873",0,"0,699335878439215","2,16581622690757",0,"0,192200214869208","0,106630019713114","1,23579708880871",0,"5,20167786348573",0,"1,54641874272618","0,857462244308589","0,503605267201894","0,426797187019414"
Abies alba,"14,0700108714606","0,205168030270926","0,361371018086542",0,0,"0,0897522266271286",0,"2,72551274848429","0,364106289919783",0,"0,364106289919783",0,"0,782493461864516","0,665478130571508",0,0,0,"0,250345317889774",0,"2,85997338359096",0,0,"0,277051595241556","0,0661433099064854","0,0746112691564646"
Abies alba,"10,4952908477902","0,138071601239843","0,0488935441876525","0,095415846858306",0,"0,130532612662227","0,0134178684521605","0,0234179382031388",0,"1,17064420156952","0,394951212327405",0,"0,320877006799514",0,"0,245479238833283","1,08090312675991","0,348829918136605","2,56759661697636","1,24852321185661","2,57171008832918","1,14299062055268","5,86410825562915","1,67449381364903","1,28135271435658","0,655848672785499"
Abies alba,"6,75366580901503","0,232063360662109","0,527206464245048","0,0939530537883784",0,"0,105288341029915","0,0476906154589006","0,281621651664754",0,"0,15906751912511",0,0,"0,322048138722463","0,486040582784989",0,0,"0,0710383241997339","0,303189902746609",0,"8,8622312410941",0,"0,785351153439151","0,307675648018574","0,0847476146956082","0,0777696872176096"
Abies alba,"6,39499685743867",0,"0,314119694466162",0,0,"0,46566899831725",0,0,0,"1,01017449223301",0,0,0,0,0,0,0,"0,703358751391064",0,"66,300635599243",0,0,0,"0,198091991717072","0,0499764701948318"
Abies alba,"3,91608663220456","0,380996560408008","0,238028859349749",0,0,"1,1100150649815",0,0,0,"2,23713141856011",0,0,"2,49677323018813","9,75023530864728",0,0,0,"1,24609599034643",0,"6,14057008624776",0,0,"1,47320660795329","1,40480308161765","1,01254753514071"
Abies alba,"6,86832915173643","0,337540000645214","0,0996566639974426",0,0,"0,341161825043387",0,0,"1,24135640664697",0,0,0,"2,52010863286729","7,04635337421205",0,0,"0,0950958323063418","0,582098862917065",0,"29,725976065187",0,0,"0,540892673992586","0,393363019771222","0,259705348771365"
Abies alba,"9,1385143801834","0,134302892001788","0,305413024802189",0,0,"0,103718078122973","0,00831203240052607","2,29545551525766","0,190812117089696",0,0,0,"0,562087145449038","0,639105743354769","0,034076071105834",0,"0,0137169329233182","0,468132153788826","0,391118094434624","2,35399460896872","0,0865405052520662","0,260322210874427","0,150349310478435","0,12476128867597","0,0898676563598467"
Abies alba,"11,9600930049581","0,312137251158935","0,100819398944259",0,0,"0,182840511711771","0,00810205443113611","1,6776630251723","0,37371525014708",0,0,0,"1,17491247068919","1,04833685029369",0,0,"0,0299714703944048","0,499573752008368","1,15688546306106","2,08252895945413","0,0915470874168523","0,493152359058121","0,158773982380228","0,187314770704244","0,174270711622102"
Abies alba,"9,40759955590106","0,237211127776017","0,270560121021203",0,0,"0,157743821611069",0,"0,384792420644385","0,385128690906311",0,0,0,"1,04500941729637","2,20000860551505",0,0,"0,110719187153397","0,338763512884092",0,"18,0058346286196",0,0,"0,485503623977648","0,148253613464672","0,15223572035626"
Abies alba,"19,0686896948324","1,24196508731683","0,732784265055787","0,039583299232273","0,0181900414961617","0,108133971255355","0,0120733431680846","3,19944761330685","0,327835032807915",0,0,0,"1,23576701307587",0,"0,0878504764728809","0,49084076690845",0,"1,56537614336238","1,6477813833525","0,81636678043733","0,517754452757299","2,15394498332112","0,853287951248113","0,521227652853697","0,511422634351698"
Abies alba,"9,45740720415822","0,302864112728526","0,136930866344395",0,0,"0,293809083593204",0,"0,0798518612031465","0,796357505082998",0,0,0,"2,42331232080637","3,35116623819887",0,0,"0,0693994073550347","0,557148082024061",0,"17,1913587156345",0,0,"0,273733744021377","0,171425932898213","0,102793601622054"
Abies alba,"14,0648131338306","0,28671105514439","0,128670619818992",0,0,"0,188135262309604",0,"0,384459745563945","0,216843252751739",0,0,0,"0,580403429964669","0,8385024789864",0,0,0,"0,846759963798289","0,503289900697402","13,0694884343088",0,0,"0,405661071846655","0,204546218770069","0,155351803599309"
Abies alba,"14,7013099487071","0,423898219824865","0,11457239122763","0,0149234774777671","0,00857248726721439","0,164993395914832","0,0088855144680799","1,34765461463919","0,390412797971794",0,0,0,"1,23281792954622",0,"0,262162589130437","0,0199835289645919",0,"1,52339637543397","1,59122192841629","2,05146311250018","1,68784842349619","0,787333904654634","1,09100499293692","1,0640168243042","0,982680130580875"
Abies alba,"8,01937441175273","0,234424542240477","0,248994693533111","0,0246004920461002",0,"0,194537036460693","0,0266955858650401","0,708624069286445","0,84364540428502",0,0,0,"2,33028597307349","3,25500033781497",0,"0,139101298471084","0,061278789630697","0,675367407699418","1,41272629117056","11,6405207538017",0,"1,04071129378891","0,470777923496299","0,205490240517946","0,342261360226869"
Abies alba,"18,8560014499031","0,375719947077895","0,102435927962422","0,131178712759782","0,011774266268011","0,100965345568266","0,0152566407332618","0,119096466122516",0,"0,99496933240741",0,0,"0,660956643576339","0,416061727725674",0,"2,72879242132752","0,729147291335142","2,08165885376162","0,956214821600185","4,55813857904943",0,"5,1718770414946","1,0060183807529","0,522890576939293","0,343776882381398"
Abies alba,"12,4760525986433","0,455320118072644","0,0969208176835738",0,0,"0,253325373250729","0,0263823047180995","0,170663446855107","1,05308190094024",0,0,0,"3,23943415987366","5,9951054499564",0,0,"0,111181908989381","0,425365429200274","1,32984507027791","12,168289416938",0,0,"0,544176599265501","0,265420830219497","0,310631820757094"
Abies alba,"10,9997898691948","0,352713421953434","0,126198918514152",0,0,"0,249138729517233",0,"0,162272261728029","0,79360244922402",0,0,0,"1,72274803730975","2,80964693716454",0,0,0,"0,440200987332079",0,"21,4314476055116",0,0,"0,457076521398146","0,240741120669853","0,237593563666983"
Abies alba,"14,0871521684848","0,370193401832517","0,297451606719231","0,0336097554888703",0,"0,179502742850908","0,0218247587301679","1,0167240160794","0,420972446734715",0,0,0,"1,72328859352464","2,16289483458592","0,0508514398569477","0,297719518404034","0,0582327271998372","1,05268737399114","1,48897879087661","5,09662034372288","0,479227029846967","1,1789760484491","0,858703404097208","0,371429532871588","0,388969594718972"
Abies alba,"7,60295655869729","0,197183433706332","0,267808685606547",0,0,"0,147792521973352",0,"0,660467874239361",0,"14,2601811972132",0,0,"0,594354565245019","0,821046842214003",0,0,"0,113067489825593","0,616833474427158",0,"32,5574449714523",0,0,"0,198642857397919","0,0803589358725313","2,16129168091834"
Abies alba,"15,1284432636182","0,459803875299687","0,0242030800480626",0,0,"0,251473565926361",0,"0,52128040759407","1,02608845388454",0,0,0,"2,7265049544186","4,667914386339","0,144979095723376","0,0445715461911891","0,0720274582590354","1,12995893630802","2,92897809749831","1,8945561202306","0,853122154175517","1,73914599759217","1,03769342642556","0,80969384888231","1,01250576963713"
Abies alba,"22,7689054416483","0,357593313359772","0,388794666688663","0,0226362937643328","0,00521203492716291","0,128816914675438","0,0080809493106401","1,58550161428667","0,42801984647791",0,0,0,"1,15218190188266","0,591511244059705","0,150494022285799","0,0299529588495926","0,0134500589493058","1,12056269778896","1,11505011596026","4,07207102814938","0,638507519566214","0,442011917567494","0,606815894736167","0,458539819924653","0,407866468182338"
Abies alba,"6,75883672276877","0,191441553073251","0,205361010573405",0,0,"0,210698171910559",0,"0,719952355520239",0,"1,16729063977944",0,0,"0,743873096807362","0,103517257607544",0,0,"0,0491259975871131","0,272029543428645",0,"34,8446409912242",0,0,"0,265661146675294",0,"0,110857621587421"
Abies alba,"11,6894838281088","0,153071297011964","2,68535991434788","0,159884490653509","0,0205527292951356","0,0631177377575707","0,0466651537649316","0,697430858940148",0,"0,24588365060722",0,"0,0609115086116266","0,139968206805807",0,"0,0568061819074971","0,142401765417878","0,0981565864690637","0,707806183408736","0,172638024785907",0,"0,744694327651019","2,53394859370741","0,502528421115358","0,250604907438568","0,323162275954751"
Abies alba,"49,5046965712515","1,29235871831842","0,285270471199106","0,0202928815652401","0,00796643201313461","0,264685808395786","0,0119456812225084","0,126373072455979","0,617416143064866",0,0,"0,307368706256496","4,08642123703719","2,83236802349977",0,"0,3093540089748","0,176064812918315","0,299050778690025","0,762692281770294","5,64671725968382","0,079422112136727","0,777847185949867","0,191838192676568","0,133448877519784","0,107889892783681"
Abies alba,"19,6556144088978","0,642423856339926","0,46813183848877","0,301278747230735",0,"0,323021422745677","0,059449146262503","0,24320621845544","1,62295193618447",0,0,0,"4,49026250800826","6,46931454943848",0,0,"0,152534392463972","1,83362145576659",0,"13,9605988766623","1,47981531436248","3,80930631942905","0,770140472290009","0,488938310816407","0,766495073557073"
Abies alba,"19,2065089655544","0,554136627840652","0,472383812647005","0,18728452063456","0,029641179861064","0,289303645270985","0,0602772835173963","0,361526433782919","1,38272195802427",0,0,"0,140079882532961","1,99770809517473","1,1009927637648","0,160991866406359","0,192956431310259",0,"1,78541068489293","2,20384423576101","25,0372612719569","0,631074342167606","0,583582384401542","0,833356345932812","0,835571980141417","0,80219710684297"
Abies alba,"14,7359921708336","0,281657346400793","0,547472318970935","0,0737087466984381","0,0345244050460865","0,200352566381955","0,0248243274381895","1,56936494041387","0,988536337240847",0,0,"0,0672542720971043","2,10327266082778","2,04259662266581","0,0503973117985052","0,431346134778769","0,094094791902927","1,60057833791631","1,59255923750548","3,83993319306777",0,"3,20511247225678","0,313017013251339","0,263126204638345","0,219591549888653"
Abies alba,"14,7316563361771","0,198180215867165","2,75677677495885","2,35517651164928","0,0418171693553266","0,0304941808325662","0,258042710612351","0,0475604362167068",0,"0,261619988225775",0,"0,0460825421790017","0,290903659859615","0,40454119688603","0,0724571396519802","0,850969196611969","0,460181417970041","0,460404782916385",0,"0,71349473535952","0,528778055351373","2,26866614586908","0,245381445258257","0,184875297054681","0,227403033801087"
Abies alba,"22,1801117491468","0,472800310432754","1,86604120487239","1,30307097361","0,0268655245867259","0,098573738362278","0,101049514144165","0,0560946109611947","0,943240206263421",0,0,"0,0701476418081171","1,32137160879038","0,568838821220741","0,191728652145682","0,481970363370364","0,281092125686981","2,36710258950312","0,500960444157128","3,1084489154142","1,03597540352797","3,98108384363608","1,3605128833161","0,764643614823102","0,881460245918503"
Abies alba,"20,3944381117707","0,385444813586994","0,489484750906822","0,173900701885951","0,0184391601374997","0,176743071886162","0,0302155504986842","0,223905321644829","0,956451635439242",0,0,"0,105105650580157","1,74273144156026","3,11102183410425","0,07358077854307","0,384625320792513","0,157145620409814","1,78356392773094","0,61881166356065","25,7666842083135","0,521271976361979","2,81650642608692","0,457794781996844","0,462042692593764","0,312655500954582"
Abies alba,"17,3527007297348","0,16657762308796","1,24077028672209","0,519195997065456","0,0503440454220997","0,0506847297828073","0,143809840685789","0,493689368202731",0,"0,582644992130083",0,"0,0316755085669804","0,329522278139835",0,"0,139074416313421","0,809410257868875","0,622600796188003","1,3247923411128","0,614534602800253","3,54112995378006","1,18155408129553","4,61235648710216","0,615754388861971","0,387558946246264","0,635216008589469"
Abies alba,"20,8081596033029","0,486602443833945","0,850085237435168","0,318058079298398",0,"0,26409391396534","0,0635348846442687","0,409638842777871","1,19743047063714",0,0,"0,116600414198619","2,20938364428213","1,30661215563274","0,186871879049142","0,513012978763665","0,147137416092034","2,37182996872884",0,"13,2537864445293",0,0,"0,806694170850402","0,610986108071926","0,824691647485062"
Abies alba,"19,9167917909873","0,737834282472096","0,747607087083826","0,187784257637519",0,"0,476707685200905",0,"0,256424827175113","2,02590350367388",0,0,"0,311977869467092","6,02501559900279",0,0,"0,155716565954335","0,0542491272243352","0,715414323186611",0,"24,5411550315534",0,0,"0,295365111890981",0,"0,221241226739257"
Abies alba,"20,6368486720563","0,437177964141894","0,195953003469305","0,424742859688398","0,0214553839099251","0,2463388494713","0,0434643480064037","0,115230107815359","1,13050482362896",0,0,0,"2,13281145488406","3,06889424764289","0,186669567902834","0,989201114779076","0,435957741272539","2,02793946172286","0,924123696319921","1,38278204849316","0,97443486290565","2,407348907243","1,0200084932268","0,973644715706375","0,582045134042194"
Abies alba,"28,4851904299038","0,722687014619437","0,288705984683687","0,108645949917751","0,0206981384123737","0,233308340741743","0,0229588724170134","0,256283248395904","1,32620498132973",0,0,"0,320313503962821","1,66253455121033",0,"0,253681259294354","0,896812511924673","0,368559652837511","3,66191751617164","0,947666438218973","8,11484995459373","1,25806035555671","3,5501881233994","1,10388452035433","0,883734739221036","0,620250256250235"
Abies alba,"10,384268739822","0,377097350583569","1,14901868234577","0,27660797379742",0,"0,185536980368822","0,0784313835710496","0,291524693384121","1,0246632689543",0,0,0,"2,23942248278927","3,6389842803045",0,0,"0,134907834821862","1,57058646170257",0,"9,67677455330103","1,4176574288795","2,29187247541438","0,576469390896026","0,198740711792522","0,499958466517604"
Abies alba,"13,1290395379179","0,599063375141312","5,35070860242002","0,790855177650352","0,0375441901390257","0,0341015061094962","0,298314124055913","0,0719278430627058",0,"0,585570501618597",0,"0,0840105609185925","0,278015165067538",0,"0,0574368142720472","0,74004007164069","0,24789846213343","0,510779070661649","0,10922644339023","0,302534643196508","0,563224389342759","1,55814885678173","0,280814123455633","0,176930560144799","0,194377207471327"
Abies alba,"18,7163216690991","0,476674093820448","0,923158227258578","0,203115026099175","0,0224146242043346","0,406418872464365","0,0597495669715478","0,214356369456772","1,24275764711801",0,0,"0,123342352065437","2,48235006293411","3,21086649245488","0,126525914370271","0,302817658771095","0,171239366888233","1,42332535598736","1,36411752013886","10,242804157785","1,78943884311657","2,68140911281354","0,475285782485612","0,576471639763395","0,464875087897251"
Abies alba,"23,611636970927","0,290917284608932","2,69750744449208","1,82046254817935","0,0227139776181073","0,0319587265342388","0,204293846924991","0,0229005439688378",0,"0,309359374629616",0,"0,0107515940092803","0,35194462084496",0,"0,18806209473513","0,571972254201441","0,343011274415288","1,22805626630552",0,"3,52691637309423","0,766824805025196","2,52532736222567","1,06745402247438","0,311493219839552","0,498017781638886"
Abies alba,"28,6330891887944","1,470873036054","0,462021477692601","0,188318339585349",0,"0,701303378944543",0,"0,219766072893966","2,50470671702699",0,0,"0,267158881813086","7,30169246400864","10,76052796034","0,0690204527210439",0,0,"0,740552148636571",0,"27,3982031675922","0,66303439372792","1,33059547558197","0,261572496672865","0,317227630416959","0,248698634539407"
Abies alba,"22,0614808202639","0,703930543007449","0,176953352762571","0,571582780015649","0,0354390090756071","0,192376201196192","0,069367340756101","0,108505039151235","0,764222559048827",0,0,"0,171253502577385","1,5480144441446","2,99640766827418","0,0632661624220938","1,04000948914414","0,385827963216041","1,57548352106006","0,44515798131135","1,5697921525657","0,909544535060397","2,50215259189441","0,950180782078312","0,637144477694","0,47963422663876"
Abies alba,"13,7507197317102","0,347357165123061","1,72187754428525","0,366798485067232","0,0259554288294752","0,175984227880374","0,0608959476458108","0,347496339047977","0,912910015190788",0,0,"0,214174897365205","1,68944987830496","2,56759732945263","0,0830060038314678","0,23941229670511","0,0196145648900053","0,817004174635222",0,"5,5002611456131","0,553686800308886","1,23495622296272","0,40186777227794","0,292994543700386","0,360303020289089"
Abies alba,"8,81188145590696","0,505304689690532","0,963218762729866","0,113719300505119","0,0213603048547393","0,370677239245385","0,0908240756176079","0,283983030305941","1,84939032784048",0,0,"0,203193647433116","2,37252613603488","4,17235151628636","0,0413034251506705",0,"0,0331486849248625","1,36249524674282",0,"42,6433315414007",0,"1,7218735585041","0,389151513876553","0,206373413557808","0,331402143994475"
Abies alba,"6,46272916111933","0,810172608310059","5,35832620700081","0,626250313981513","0,0441933573219221","0,0421980158265529","0,347785276535281","0,0745784086616637",0,"0,668704192449245",0,"0,0294680447061126","0,220797073892901",0,"0,207386278114662","1,22881977072586","0,229060381654675","1,25115430061493","0,0629259375756114",0,"1,19322183021658","2,01613065526807","0,713046844480305","0,38622353248894","0,534198827037031"
Abies alba,"15,4173281011456","0,228176778643597","3,14169095624409","0,252078899462292","0,0184920596131889","0,0641259051204458","0,078523874629693","0,372504416278642","0,111312511766598",0,0,"0,0251498782418854","0,235458034551705",0,"0,0593142365487444","0,0778222664790228","0,239892879778822","0,59501083695666",0,"3,536144954309","0,535593634439306","0,10401924599548","0,292127770246437","0,212365843514055","0,254440467108182"
Abies alba,"11,6500160567316","1,77783536412546","0,353253499413099","0,236628325817784","0,0296361198352964","0,342893661282674","0,1681057176416","0,0362915162309063",0,"0,855477514834638",0,"0,643257091350472","2,53829738478129",0,"0,143029888396594","1,29484783573777","1,55678783458009","1,1424437455323","0,382909953452223","1,90422639146607","1,86769906328975","2,66009443919078","0,566336616794816","0,615396577168166","0,432024916353255"
Abies alba,"19,3513813046853","0,518101883199721","0,996458114538484","0,201171036502011",0,"0,312083680183719","0,0340046148125552","0,123818038380386","0,823276847191611",0,0,"0,32553636953655","2,00509792689944","3,44524158777397","0,0975677758275358","0,633741066188275","0,287716536625165","2,55658025068554",0,"14,8698340133823",0,"5,14162861407414","0,441599875774093","0,474396809077773","0,403159960556804"
Abies alba,"8,91584801214275","0,619112308581083","0,451448137441544","0,0775912690458711",0,"0,438329044846674","0,0850191943578081","0,0714685611229458","1,79815424107662",0,0,0,"3,4827634241908","4,42528020906022",0,0,"0,135706143240777","1,37219455125976",0,"13,6322458320273",0,0,"0,300700460104841",0,"0,266522223440026"
Abies alba,"23,2917630798997","0,441952924744124","0,700585289694949","0,194977873666731",0,"0,224148491957284","0,0141559421531344","0,149733832482104","0,632119301766472",0,0,0,"0,929975629070985","2,39568455065587","0,096296844367498","0,579803686748678","0,380111118241202","1,61124077239777",0,"4,18213322596239",0,0,"0,568289765869948","0,499165331700917","0,22639145394983"
Abies alba,"22,208105862993","0,328445028874674","1,12824271888569","0,491178261404484",0,"0,125389510951731","0,0610452307255278","0,135021227193265","0,649185839365192",0,0,0,"1,38900727385512","2,46906441204601","0,052100632360026","0,323535823399196","0,118152291255139","1,03252624353965",0,"9,37486332422849",0,0,"0,310330757673352","0,217384325658975","0,222463609717096"
Abies alba,"26,2027296744489","0,621462514550949","0,218365913170763","0,65401840145646",0,"0,174178181312774","0,0176587823111849","0,151750759036606",0,"1,41816457507492",0,"0,117633050286091","1,49325606191469",0,"0,390966683406808","1,4394151352869","0,731250313666091","3,20332860129637","1,82953758415736","6,84016076927343","1,52767519567707","7,92221952711184","1,55926182497746","1,66535324943489","1,4576029700821"
Abies alba,"14,6181109129625","0,238401080300587","0,502232692724302","0,343681279322785",0,"0,10016744756083","0,048235287919718","0,0722171932258842","0,437738721009097",0,0,0,"0,990590798558313",0,"0,0503176172540718","0,301505645912214",0,"1,30719132642732",0,"18,1603786154961","0,24083428168875","1,01022190848241","0,296126810384692",0,"0,132627047850271"
Abies alba,"21,7629701722624","0,869283942656292","0,226774883714603","0,127494745809342",0,"0,289124892160733","0,0233228654543183","0,128778782936673","2,16458390983344",0,0,"0,328530613065254","3,78882882021234","6,31587446118062","0,30099629701118","0,118315536861026",0,"2,39302475677516","1,21013823678866","4,46809993079922","1,94741737874232","1,72771667277312","1,06614881982371","1,21016572391297","0,918628626015491"
Abies alba,"21,2962075215966","1,05881309512469","0,147728491180008","0,0419473081026989",0,"0,458592709217495","0,0371692974661099","0,158864063720243","3,59543969492418",0,0,"0,340148119238068","6,8430898367545","8,84671640398645","0,216444861915379","0,108105100544329",0,"2,5407871403767","1,73210961785859","31,5861500255222","0,800339802044129","2,06020943575589","0,790316543800553","0,554831536008749","0,755683336328245"
Abies alba,"19,072880576036","0,456392939672983","0,353660446063463","0,0687264079016875",0,"0,216509648394684","0,0840466635468358","0,143830024646806","0,874374754459294",0,0,"0,0995848246020473","2,14671730663358","3,14390450667014","0,0494173801440598","0,112690314465378","0,0319141226956044","0,925447004551469","0,220752293087835","15,9922428189424","0,274214740198774","1,48459208147775","0,22649044124399","0,276743408797995","0,132763839009583"
Abies alba,"24,0085533658171","0,59164745103505","0,871673871158646","0,204591120857601",0,"0,178098120094013","0,0720362754603621","0,217698804691743","1,32800096218778",0,0,"0,107343359920299","2,39494431723509","4,24662112775014","0,118731805624047","0,378443716720778","0,071944979355237","2,38929298674842","0,327813107057899","10,4010468562812",0,0,"1,00027545144505","0,45409423296702","0,486443859209273"
Abies alba,"20,6312665661969","0,644981914595502","0,311013149537327","0,270033231030518","0,042365141545918","0,273246068971588","0,0397911564242656","0,132453781358642","2,26697861524097",0,0,"0,203894662072381","2,45946778339132","2,67007532184607","0,1689732458391","1,78562714200206","0,9964915564206","3,59880516044437","1,43264669959504","6,93909759670924","1,83909338844659","8,17138347719091","0,91066617414395","0,747359740836202","0,752221152576709"
Abies alba,"10,9918718751111","0,187890429089244","2,00428154534354","0,272184066404497","0,0162618474304961","0,130639997079396","0,074795330009519","0,340040263253832",0,"0,273462834026996",0,"0,0415480164250342","0,531465861350945",0,"0,0395595804194381","0,587964821458895","0,349439325253429","0,731892106310118","0,969860368475086","1,20122009226093","0,862965777797029","3,32827760243768","0,328886679786765","0,259014835514968","0,267320391569583"
Abies alba,"12,183588306659","1,13519350987655","0,474412862195963","0,112805588199675",0,"0,93066938360071","0,106442600146911","0,232236227176342","4,49177633268098",0,0,"0,394201448057947","6,92664161348865","12,7211098477424","0,131653269258164","0,0667436000832643",0,"1,26695494791021",0,"54,7577800288262","2,01989090524886","3,19218473208791","0,599581055219905","0,674479148436874","0,642426567732335"
Abies alba,"15,1618642719179","0,267978247169431","1,4006445281919","0,38551181596475","0,0279796227644596","0,111694631737837","0,0737132614903539","0,253626226141836",0,"0,953814060783117",0,"0,0450554412070084","0,581270879967831",0,"0,0979489414063737","2,20507347878189","0,851064265212597","3,04387383806994","0,88407377996852","6,999785159941","1,19246755093075","4,69994186863948","0,869559494388574","0,390638955363888","0,423822111964552"
Abies alba,"9,10581253658677","0,238527991753874","1,07105643392054","0,223476279661159",0,"0,371632182059804","0,058119908751829","0,265053575096545",0,"0,435953900833356",0,0,"0,419684858391531",0,0,"0,276159468601491",0,"1,09529931468346",0,"42,2709337737095",0,0,"0,121641169492591",0,"0,232136297948216"
Abies alba,"16,7614365711212","0,582401333829614","0,467285701562548","0,16176213428389","0,021380123563977","0,262486156411875","0,0866350845317222","0,230090702337218","1,61537662298829",0,0,"0,191064791020394","2,42632054878526","4,11765961962166","0,128694894594092","0,368147963098163","0,194961466710382","1,87124066612988","1,61701161329458","2,00152536503166",0,"4,67605104232942","0,654983380607522","0,597440941313689","0,416295169826248"
Abies alba,"19,5899577054202","0,434391364747917","0,598959860930357","0,123327424834466",0,"0,164391723080209",0,"0,271783357513766","1,20760154980859",0,0,0,"2,81974925472799","3,92417508579742","0,112567440061454","0,155998076016305","0,0174253830427975","0,83168992076732","1,09167648187315","13,7466428282672","0,372519689232899","0,228799205911782","0,258418810481804","0,332356359815904","0,241575564863132"
Abies alba,"22,4184672917431","0,363297378383615","0,487128013890599","0,0261516952853178","0,00926714387827602","0,151158760265947","0,00960377969203144","3,75447107951386","0,543455928055691",0,0,0,"1,61122825025135","1,40393606394028","0,0763756387920302","0,0284901596069143","0,0321495990429075","1,14754876739488","0,683414782941822","2,3337998871108","0,277932769313994","0,386743410599759","0,287749764156495","0,28210355939593","0,153391064655135"
Abies alba,"25,6993935466606","0,798672390484174","0,133726136053253","0,262282156135721","0,00892365851174684","0,3185432912345",0,"0,365595947799243","2,03187845839227",0,0,0,"5,34183058246434","7,50414585358153","0,174727128297552","0,199810747542178","0,0505954706472942","0,92372228433287","1,65463646131002","13,474417991886","1,54920699392334","0,661522386849894","0,548959433351307","0,629704939120047","0,415326044838877"
Abies alba,"15,6107830780048","0,466215335597946","0,119329726811315","0,0284453884545891",0,"0,229307465426899",0,"0,737202260349621","1,79666598300433",0,0,0,"4,45684376181469","6,12756168633048","0,0763724586020243","0,0567379409631765","0,0356164399196351","0,541904436194121",0,"28,1023200437009","0,516262474804649","0,361265196581104","0,22417670449368","0,268750268243868","0,175156794968062"
Abies alba,"22,9941240965086","0,502529019053661","0,580986864450294","0,172555904174235","0,00321653783788108","0,128758894007908","0,00594479444662743","0,651629386214956","0,993691194340396",0,0,"0,0302984659423008","2,23406048532206","4,01171420575027","0,163385892064723","0,334173472526708","0,168216282914036","1,31219127814118","1,11198803710937","7,18856970537924","0,824147938233835","0,383175569694605","0,608903009177449","0,666210972295865","0,430674389754873"
Abies alba,"25,6797110521091","0,388952578233377","0,113106886166635","0,0267592643910119",0,"0,217541959268961",0,"0,219960955800763","0,915442799792065",0,0,0,"2,66071812785315","2,58821656412162",0,"0,00614562411866877",0,"0,29127857217259",0,"31,7914721198843","0,385292241657947","0,187194337774727","0,15546499224962","0,112159628019934","0,0889816957863186"
Abies alba,"11,5781323317435","0,252790991197311","0,668118752983925","0,019781486189605",0,"0,0977528670954629","0,00560548091119566","2,47444252183495","0,302319584733708",0,0,0,"0,748638180783427","1,09406337805023","0,0499781508934587",0,0,"0,41126015219214","0,403785354370877","2,73191223893498","0,204958500824607",0,"0,172392928101684","0,168748443553244","0,132980059297967"
Abies alba,"16,5199344555987","0,563434096860008","0,153204171774942","0,0437043011358057",0,"0,212572842682633",0,"0,435811605454516","1,49294321979846",0,0,0,"4,41042232672458","5,22548758175498","0,0942746113335819","0,426260491737345","0,073450402980707","0,986840900441118",0,"25,2275119990493","0,886116240861974","0,187468542489363","0,347988224015674","0,350015151928774","0,196920895790514"
Abies alba,"11,0928486906941","0,131855618655772","0,70880054081989","0,0884153752428818","0,00379196515139108","0,0741451387636424","0,00629078223231253","1,95739595239695","0,212612233294904",0,0,0,"0,565590136288557","0,69350408091012","0,057102876006626","0,0224973233355439",0,"0,461369028053588","0,846500623270276","3,53049468886846","0,52084806336107","0,90780033062146","0,201582470476876","0,190506008292671","0,162478257757028"
Abies alba,"18,1339733829886","0,604490046933341","0,176809678229002","0,0708024935377847",0,"0,372500263136118",0,"0,32279632552244","1,80774272874326",0,0,0,"4,08651835912222","5,42874885556831","0,079717855685292","0,0890456358108114","0,244394553690222","0,918325696574079",0,"22,9329628237196",0,"0,428336107286355","0,269447068585738","0,364150539846631","0,185985029360637"
Abies alba,"15,2619965557448","0,521064338632723","0,174272638058789","0,0657969729287461",0,"0,248219931721034",0,"0,532724730123791","2,24996570776379",0,0,0,"5,46441950573592","6,83463925341428","0,108872829834823","0,0346296411517611","0,0941380385061889","0,861157951151945",0,"24,3632370728668","0,365885859384956","1,00733710188323","0,329926301792608","0,351927574198331","0,329403595971045"
Abies alba,"10,1041589581405","0,18380059808216","0,465329820333152",0,"0,00589372622301637","0,119683303779666","0,00866077438553461","3,74804759603151","0,197834512479199",0,0,0,"0,686101874805921","0,955251769207899","0,0347742960885019","0,0228266542706046",0,"0,552890924944866","0,349573026329788","1,95290213133535","0,292960452906745","0,255344229959838","0,127947533694005","0,117148397370112","0,075312724449593"
Abies alba,"16,3159259530951","0,435122574778914","0,15645762100808","0,0597049986439577",0,"0,216403450424324",0,"0,384804115430712","1,36689793979234",0,0,0,"3,21406003616048","3,50227720441937","0,0910914698698881",0,0,"1,2704442195732",0,"14,9562638313892","0,576485307742339","1,76810498409454","0,509261685786778","0,462809864830861","0,204382087725203"
Abies alba,"20,5939796838211","0,85746791043711","0,279966223996197","0,0407596776704173",0,"0,139689860362332","0,00335334435979809","0,591672121711386","0,497884626894636",0,0,0,"0,899742029572968",0,"0,14029178232379","0,12187239654702",0,"1,02561285133501","1,21332665784407","4,50416158625616","0,741738436948086","0,443987723919077","0,373375830001933","0,601846264337763","0,257057094891609"
Abies alba,"23,7598490848012","0,594260240326932","0,0600448285446909","0,328592642797798","0,0112645463281744","0,141277230233903","0,0112560630649223","0,535508322421926",0,"1,52008638390746",0,"0,0761743330010804","1,1361780188309",0,"0,249322580722651","1,42323660381702","0,474935615613566","2,35463389475315","0,61974366747977","2,89497859313575","2,13935856000172","7,00338814906601","0,959017857142145","0,882776939749433","0,462468612625532"
Abies alba,"16,8709716195718","0,707595918827157","0,181670855424984","0,0632160998226216",0,"0,334482247521372",0,"0,519248813708244","2,97152292523747",0,0,0,"7,47022042641922","9,92051859350959","0,122840515555999",0,"0,0254419509632654","0,848864598206981","2,04522853728932","35,4348161583607",0,"1,60736594010212","0,305463752318144","0,362712501988918","0,340588605768362"
Abies alba,"20,473285950484","1,19295965740402","0,332701045172134","0,295603983662603","0,03903199903304","0,0541946562780466","0,0976096665971801","0,110341470351382",0,"1,62450212575347",0,"0,103042933276797","1,02561396222915","0,557010442578914","0,103452854241871","2,113576285986","0,615356427809088","2,42637678934641","0,299818912407358","4,38326283372221","2,53149476067289","5,14478841121744","0,59945988954472","0,405398425097642","0,365071122753592"
Abies alba,"14,6052470503782","0,704225258606479","0,310621577172036","0,0914920663480965",0,"0,211371029093265",0,"0,525318616734877","1,26560106099552",0,0,0,"3,74033168979755","3,47607320773076","0,0655826270428499",0,"0,128581813161254","0,375959866160066",0,"35,9864199659668",0,0,"0,256039976515333","0,254716162486339","0,143923957216636"
Abies alba,"21,8876525072092","0,49323654976235","0,0504069898542399","0,0305721115589303","0,00536520787162627","0,237596573293653",0,"0,169135083888144","1,17069119366656",0,0,0,"2,93332008293788","5,13468804994595","0,0983676019520325",0,0,"1,21530000514259","0,862238878032294","4,11879984848476",0,"0,556413279836379","0,44355615015592","0,660901764309035","0,23896265372803"
Abies alba,"15,028767714336","0,801258598069026","0,125834162876376","0,0148182879772135",0,"0,165702785597466","0,00604048683183762","1,5841655223248","0,697973473155169",0,0,0,"1,69802031295093","1,52387013183863","0,0782911357345601",0,"0,0253011990990701","0,896086495859275","0,497651534770713","6,82174371702737",0,0,"0,158265521214931","0,130891026528346","0,0870956591805333"
Abies pinsapo,"19,3849903912998",0,"0,909808868035111","0,359748426277209",0,"0,0923941045658932",0,"0,32889101084231",0,"0,429931185801029",0,0,"0,763148767495979",0,"0,0457864139224068","0,54195747642494","0,139524943224956","0,49511365860775",0,"49,4263185653612",0,"1,81245949078146","0,296035892280403","0,10541501045772","0,326717257879574"
Abies pinsapo,"19,1153309755147","0,132103512365469","1,23544775704747","0,588725809545045","0,0187806980409349","0,0403652151137402","0,0936903882920452","0,0329559102274424",0,"0,396095470708318",0,0,"0,386165660638066",0,"0,049319502035239","0,631947208975339","0,161995498536195","0,627082304673676",0,0,"0,522875409884886","2,5697174868804","0,228191259388301","0,140851025347178","0,259584431734153"
Abies pinsapo,"23,8215259143706","0,214693346370464","1,74911935000074","0,570147668855944","0,0136712298267649","0,0691628709111796","0,0426882159475798","0,197822287887098",0,"0,508911174005949",0,0,"0,487993408133477","0,214797009564393","0,0373929588352512","0,480639661863111","0,12567168703559","0,567611377885102",0,"0,378554260636775",0,"1,4595160406781","0,204081726889201","0,123666132474739","0,238989461173326"
Abies pinsapo,"34,4669994108106","0,268242902012652","0,160290280813074","0,568467564859521","0,0332405577002165","0,0513375018705818","0,0430209383592651","0,0579933679811662",0,"1,49900591205662",0,0,"0,584468191877578",0,"0,158916608183559","1,68765310751111","0,480405779565345","1,80577139512387",0,"4,82306912700479",0,"5,60326108701346","0,848049892930517","0,660043092309828","0,747755587646918"
Abies pinsapo,"20,3600887278743","0,155560871512934","0,641901474394216","0,505523454180489",0,"0,079907853749386","0,0517894140215552","0,141568584973472","0,407885755465219",0,0,0,"0,649739574452746",0,0,"0,294635606331889","0,0439206617365524","0,337278746544919",0,"1,76986190414172",0,"0,502416709768788","0,0861076151862605","0,0573827428103981","0,0965598657523422"
Abies pinsapo,"22,9244809614601","0,158632069843763","1,46329450835977","0,757443124685714","0,0352206763545994","0,0432786760682748","0,0947864702361475","0,077750728040269",0,"0,942544834761246",0,0,"0,359162755092722",0,"0,0659022830440541","1,31701590017306","0,288479918002818","0,935709946156624",0,"0,76877195544144","0,686737548475116","4,9662498858542","0,27513694636567","0,147251769527961","0,33702419478341"
Abies pinsapo,"17,6679660913359","0,161424703377116","1,05368269111325","0,438790697678482",0,"0,120471327317478","0,0548025102270547","0,193154373542057","1,07978807626183",0,0,0,"1,53509024220951",0,0,"0,738696872003294","0,0629005679130462","0,75104309541459",0,"4,72743897810105",0,"2,70612270444813","0,254824368400243","0,163363446288716","0,301390538182561"
Abies pinsapo,"15,943549214419","0,223368707094977","1,07446032230075","0,355960721195183",0,"0,191685353196047",0,"0,411387562276937","0,619230146845172",0,0,0,"2,55282899991463",0,0,"0,276382697534026",0,0,0,"5,08945172706601",0,"3,0754135765721","0,251394179588799","0,111069247818481","0,257830698775739"
Abies pinsapo,"24,9574429538253","0,227228659198384","0,434486152615595","0,120549177823187",0,"0,0847967752950238",0,"0,208188880607029","0,437318365593764",0,0,0,"0,666229877660374",0,0,"0,434694632050961","0,103437049594138","0,247242947562483",0,"1,4652377196037",0,0,"0,224375714536564","0,147738284873091","0,116348853634283"
Abies pinsapo,"23,7383500886738","0,162706198265691","0,394818746063425","0,248152921004332",0,"0,097003651791077",0,"0,268742404962615",0,"0,275802725100173",0,0,"1,45281404208161",0,0,"0,64358056354842",0,"1,05321131838242",0,"1,82599816374764",0,0,"0,128257096232791","0,0907752942948602","0,113655329149322"
Abies pinsapo,"16,4659133986985",0,"0,85892299702989",0,0,"0,233064524909027",0,"0,418889981268407",0,"1,07700084465628",0,0,"1,99021599789678",0,0,"1,07046098424525","0,221796318145576",0,0,"6,35789467366901",0,0,"0,230883665437188",0,"0,134806573708221"
Abies pinsapo,"20,3540589201967","0,128339972508679","1,08848151409062","0,634227570452572","0,0159393337902584","0,0450536913518735","0,0818069078233128","0,114869129968671",0,"0,516102820870405",0,0,"0,350415053645382",0,"0,0415155099350056","0,627116005782691","0,142367759186467","0,492326118108918",0,"0,254616670563333","0,138313323603737","1,67037628978848","0,202235799746082","0,11073186651072","0,19399539920066"
Abies pinsapo,"15,6850857819475","0,0662131766362481","1,07775210281757","0,638411034777001",0,"0,0406221120865726",0,"0,372553770415473","0,251971531441071",0,0,0,"0,518694717210934",0,0,"0,182888940287653","0,107019851329718",0,0,"6,841990882102",0,0,"0,0691674759862907","0,0982810320299146","0,0681214586821773"
Abies pinsapo,"16,7659688668367","0,132460431232214","1,7453885070885","0,394064967917563","0,00878196988878284","0,0470455263060634","0,025224909459171","0,39334013355502",0,"0,262326115042283",0,0,"0,101797831736345",0,"0,0263587017360931","0,312993930538057","0,0415471416404751","0,510097069462191",0,0,"0,166131246587952","0,713009908936984","0,153575957879474","0,12363107603569","0,150608780071129"
Abies pinsapo,"27,0591453411483","0,185177603772461","0,423178727086792","0,432868806798588",0,"0,162165660420703",0,0,"1,16361439815425",0,0,0,"2,49877328621527",0,0,"0,208541319235394",0,0,0,"19,1412679170525",0,0,"0,12120423389136",0,"0,131868657547259"
Abies pinsapo,"14,667781188779","0,143085094177649","0,982641251180215","0,396124428686028",0,"0,133202782859721",0,"0,396479822132182","0,856071348844302",0,0,0,"1,5004888764478",0,0,"0,371276992517601",0,0,0,0,0,0,"0,146129481818551",0,"0,101868405422669"
Abies pinsapo,"14,7039513323814","0,0936999327636987","1,1659808471495","0,608994811725958",0,"0,0260974648621784","0,0953945974057304","0,0269462458313814",0,"0,265594250996652",0,0,"0,149990340172301",0,0,"0,868620425232654","0,0810658771945665",0,0,0,0,"0,399906715850705","0,0503097347599814","0,0397893326584229","0,0466134180468853"
Abies pinsapo,"17,1457837592391","0,105889746451417","0,880479700257053","0,335403515757743",0,"0,185343114640623",0,"0,657256485753818","0,73172239299303",0,0,0,"1,1303699888361",0,0,"0,356875179898469","0,222296769926069",0,0,"1,24102009246196",0,0,"0,217471756249482","0,0949501403267887","0,137993702907682"
Abies pinsapo,"24,7188127307863","0,187831318869444","1,59378555523507","0,647976617939575","0,0218452478557898","0,0268932366813162","0,0894693247822741","0,0840730139761789",0,"0,20110255640198",0,0,"0,107709742623695",0,"0,0670263475206647","0,804484072541208","0,226626581440261","0,945254380289178",0,0,"0,498029636478106","2,39038996968115","0,3099583991664","0,210477833696963","0,376731423393011"
Abies pinsapo,"13,8405684762735","0,0914774787498733","0,585065348778602","0,251532284730385",0,"0,0832649602582175",0,"0,25741173549988",0,"0,238613039293134",0,0,"0,645289225776766",0,0,"0,159529389823579",0,0,0,"20,5406155383846",0,0,"0,109313579915009","0,0350150595736555","0,103672434950435"
Abies nebrodensis,"25,2920580055552","0,532631247526525","3,64722022707684","0,801163834742207","0,0208198549898937","0,0113985749939381","0,136294620850665","0,0768836583343367",0,"2,70050206810836",0,"0,0365347034476265","0,764695287953193",0,"0,154063407959232","2,23273032704399","1,05508491994077","0,714984342793299",0,"2,23376227247611",0,"8,58489267110501","0,310881383129727","0,257308490462131","0,280419408631312"
Abies nebrodensis,"15,3513606629739","0,604379927184261","3,33300945516083","0,405750370040026","0,0144028189064345","0,0461716527775461","0,080146669442909","0,241508955859343",0,"3,34688663597155",0,"0,0695588059250301","2,62805194158816",0,"0,115617811018431","2,32957286399805","0,725202403133969","0,393872124726625",0,"3,92771465127893",0,"11,8360575888076","0,267368077868323","0,2315088163372","0,182670780566554"
Abies nebrodensis,"15,2475049652656","0,507542362490388","4,26169437795049","0,665291090634539","0,017315395967401","0,0199641337086928","0,125891067207633","0,170924746799934",0,"3,33168420830664",0,"0,0590375459243777","0,880509873595129",0,"0,140614517122294","2,4434583389584","1,0533334365101","0,606847683278783",0,"2,69264865211447",0,"10,7378142445322","0,301240266641911","0,2092691886112","0,262468371746077"
Abies nebrodensis,"14,4339095821242","0,414225805080598","1,97126990446478","0,616488399191274","0,0502360322306851","0,191218608990121","0,0973159182564114","0,290455870620016",0,"2,36185978145073",0,"0,31311627661871","1,6693142480676","1,25820769325129","0,0465685317687023","2,89577976104945","1,38282745216199","0,342501344114583","1,7102179864915",0,"0,293181467648067","0,494203793717474","1,02083959970084","0,495429265208903","0,435637266922477"
Abies nebrodensis,"24,5046134061698","0,772339108329321","2,71009278873302","0,84805778748284","0,0254457221584292","0,0454534107964934","0,167380887156661","0,0794429670944303",0,"2,02325290210626",0,"0,112205756439345","0,243251094226987",0,0,"2,1267595705573","0,907834449418234",0,0,"0,796350978392595","0,192763558589311","0,671698645589039","0,813610676747598","0,334244202955174","0,278497172522294"
Abies nebrodensis,"8,71322548764024","0,260041960087768","1,32660013721464","0,403660036482685","0,043853714016735","0,160105777351226","0,0542055061032457","0,533923812816755",0,"2,5710986744068",0,"0,30453785332927","1,43719784037945","1,04238756452381","0,0412482940774153","2,62403406830486","1,41999730411154","0,321131404856737","3,40698723011085","0,773747384025461","0,445718051358107","0,746416662741207","1,07264672637207","0,480965757747022","0,478298595168141"
Abies nebrodensis,"4,47190674960939","0,164844237599426","2,45662401222144","0,275487482445983",0,0,0,0,0,"1,02007866684867",0,0,"0,405893812888872",0,"0,0310778657075301","0,457636025685357","0,119930512266056",0,0,"9,48836353312341","0,506269144584836","4,8192513590023","0,242030171306536","0,164473274285344","0,290700609251601"
Abies nebrodensis,"15,2733269542132","0,413983347278871","0,515692104927247","0,127751714036283",0,"0,417284866102429",0,"0,392940171583543","2,13609475053805",0,0,0,"7,90294471699409","7,87016950767965",0,"0,127621961552046","0,158426494837301",0,0,"7,02082324909237",0,0,"0,0925388460607661",0,"0,189452947920961"
Abies nebrodensis,"8,58598016578487","0,14720403225433","2,18478984850656","0,37291555648024",0,0,"0,0364083016106997","0,271986780407617",0,"1,12582173930682",0,0,"0,814679183211746","0,589691932302064","0,0756293950859458","0,696009318041978","0,26911131846366",0,0,"9,97112023608963",0,0,"0,221359288338209","0,180355814575468","0,21478140885611"
Abies nebrodensis,"32,9604258982011","0,816022345291422","3,01539851973864","1,31363193886246","0,0369363347804573","0,0315311449627321","0,149713485871255","0,0644445294615994",0,"2,51379560260713",0,"0,04008073803072","1,50274661450784",0,"0,491130218861798","2,47754587878875","0,213244735419762","0,802036115821801",0,0,"1,47665111374328","6,74954499724625","0,710787385580646","0,588260547325877","0,801814309692794"
Abies nebrodensis,"19,841827024005","1,13295692861636","4,44133859246081","2,27862511282667","0,0375163819301972","0,0144201108064886","0,272262522178865","0,0212098337651335",0,"1,58865749998414",0,"0,103611450272062","1,08601108839238",0,"0,554740229155184","1,58403138322206","0,113085296468581","0,613865888314371",0,"2,77315660426483","2,16841076118119","5,22887142126903","0,577098753883698","0,388778874514576","0,54902947111569"
Abies nebrodensis,"29,2273470347167","0,902673613021296","2,45532260983543","1,44722801228111","0,0393268047072805","0,037760235022699","0,129362748273568","0,0739146451858458",0,"1,83243856678495",0,"0,172575086507474","1,81643886363981",0,"0,56993094344932","2,28842813528696","0,965663105093623","1,07884931142477",0,"2,00626139590799","1,85467457654599","9,54622109359005","0,762672710903955","0,543166447076027","0,746867626370066"
Abies nebrodensis,"7,97237675364782","0,252918613188773","2,32429974615747","0,31765195433223",0,"0,0953357262751253","0,0214127590367366","0,332942900187466",0,"1,1758422671851",0,0,"2,96144739526436","3,46077941180514",0,"0,257347742266342","0,045525393417447",0,0,"31,5767788780621",0,"1,7814415105345","0,0745796605858424",0,"0,0440051785835576"
Abies nebrodensis,"5,02515377315707","0,174352779915951","3,19976252761514","0,329231369499513",0,"0,043528908497845","0,0719973819351916","0,159763640408332",0,"0,401107934863446",0,0,"1,55466958333979","0,781821122777731",0,"0,0259152612734219","0,0555440528258285",0,0,"7,2663551208661",0,0,"0,0387263341105287","0,029836439701499","0,942495351341839"
Abies nebrodensis,"16,4681412087577","0,855135175052392","3,64141810536929","0,672321462101747","0,0331978976210292","0,0192938786410849","0,205291072440987","0,034457198220654",0,"4,8846159651416",0,"0,0802241180836929","0,70624639841336",0,"0,337941346388769","2,85694247321372","1,63706737842762","0,948069289393456",0,0,0,"8,65365890123869","0,571540282418902","0,419267088462225","0,565923999678414"
Abies nebrodensis,"34,9841372272009","0,620779427449429","3,25380051506283","1,36126908937127","0,0265291836198429","0,0159042400751783","0,160680195594565","0,0268474342369408",0,"1,54131179093239",0,"0,0517505589533412","1,04843464931294",0,"0,368509361409938","2,14428187171346","1,04493227133309","0,620806046299381",0,"0,357832331260535","1,17090454572783","5,64753024796036","0,3947884346478","0,402561901617941","0,483986640320613"
Abies nebrodensis,"16,6497881311427","0,22049099809947","1,73365719632289","0,798416405039658",0,"0,154705795513073","0,0569411032988846","0,327839227506254",0,"3,06652072056877",0,0,"1,39208935387539",0,"0,182477122721005","1,53984370336992","0,998964141685834","1,50326013864106",0,"31,0721096201038","5,05137715776421","11,7019518558881","0,719947899700365","0,790185873753565","0,899301525294224"
Abies nebrodensis,"37,1824126011247","0,596874578916194","2,33287476056603","1,12943564545538","0,0286256877697007","0,0331968870227136","0,0937040850044679","0,048942188104218",0,"1,56915092640889",0,"0,0253629021091046","1,87495026699056",0,"0,396782492185882","2,09508118406356","1,17761514168994","0,732992402716852",0,"3,70798345373568","1,7071154074786","7,91177948120035","0,457993233166433","0,478182505761512","0,501358625417357"
Abies nebrodensis,"24,9341823413426","0,219161821134982","1,71418263611725","0,4996106008934","0,0480077906181555","0,0390361180508946","0,0908554139111728","0,0855252160233417",0,"2,19229256560169",0,0,"2,55851948807195",0,"0,405761783013185","3,16351165742078","1,70412040428556","0,724223496960555",0,"17,2884975400811",0,"13,5140552702253","0,573084913542017","0,448201164894293","0,753169346064634"
Abies nebrodensis,"11,2731873009708","0,307102296094496","2,89430970627757","0,405499649493531",0,0,0,0,0,"0,471218113011571",0,0,"4,92911219268509",0,0,"0,385488277242491",0,0,0,"36,3437864376793",0,0,0,0,"0,411937432198048"
Abies nebrodensis,"21,7969233060328","0,187105077113216","3,26790462930038","0,641002354556484","0,0195153441398104","0,0166437980940654","0,0938277597253788","0,0630919130730109",0,"0,658434936686099",0,0,"0,527565647143705",0,"0,207022682870682","2,36039231372953","1,17259596727611","0,537655373321387",0,0,"0,545295259882551","6,58718777460398","0,278716027511445","0,272181678535998","0,369459465607469"
Abies nebrodensis,"8,3085047060672",0,"1,22475975196768",0,0,0,0,0,0,"12,7717228685932",0,0,"17,4633524170939",0,0,"1,51144884532489",0,0,0,"12,4151426191849",0,"64,9768299421195",0,0,"1,57784103332651"
Abies nebrodensis,"6,43711447436972",0,"2,8046073959601","1,463389126916",0,0,0,0,0,"0,468116370726047",0,0,"1,16776723843676",0,0,"0,0884873965712475",0,0,0,0,0,0,0,0,"0,140902215461323"
Abies nebrodensis,"11,1654604014057",0,"1,96209577163685","1,11800595554937",0,0,0,"0,285990011145767","1,20562378283831",0,0,0,"5,0338174719951",0,0,0,0,0,0,0,0,0,0,0,"0,194983755042006"
Abies nebrodensis,"13,5531796595169","0,296685935008653","1,89470038949816","1,71935754075744",0,0,0,"0,433731485560826","0,574454240213876",0,0,0,"7,49941724641547",0,0,"0,895003214985365",0,0,0,0,0,"3,46739356923542","0,264542540795733","0,200113185049142","0,22668541785561"
Abies nebrodensis,"7,1678010921213",0,"2,38911004869517","1,56438982206306",0,0,0,"0,426105129442071",0,"0,28660636656209",0,0,"1,96378057418911",0,0,"0,545384513306572",0,0,0,"3,77798138967025",0,"2,25078264391714","0,246840111929274","0,170049109685196","0,270268660789262"
Abies nebrodensis,"26,0802674241586","0,40896568073513","2,58666890618331","3,2704664346248","0,0613295145999756","0,0636272785372847","0,184136421139445","0,125890150929633",0,"2,83880940710999",0,"0,041988154540521","1,20452633859338",0,"0,497329153807809","1,35644596146373","1,00088638572377","0,94855894940492",0,0,"2,6681137176188","7,29647793985202","0,631787039769801","0,538442601035597","0,867034904326357"
Abies nebrodensis,"14,8148959467145","0,378383755792781","4,15812102214381","1,01372735946606","0,0229064907961089","0,031701927583466","0,139379295514758","0,0717696060871757",0,"0,492314384837285",0,"0,0622880791507367","1,17704207140831",0,"0,232951813423852","0,889034008263877","0,537542820737169","0,597683738540496",0,0,"1,4786974982627","5,74416956537206","0,37108116594908","0,429560253254669","0,564260266054274"
Abies nebrodensis,"35,3470530307996","0,483289104122355","2,19636846892527","0,790349370276585","0,0361968318149954","0,0333034070291938","0,109373441651502","0,02861389197105",0,"4,06603929227061",0,"0,0155967450500887","1,5087905856103",0,"0,49938156342954","3,02462053182958","2,00122343661455","1,38208559582764",0,0,"3,0102629148912","7,86810364684616","0,821040767794372","0,714615109642396","1,18881523107881"
Abies nebrodensis,"29,0038384656584","0,326984155721093","2,16474001613802","0,654281668176322","0,0221437106073254","0,0495980439863623","0,0614635751456617","0,151852455354023",0,"2,60440631010135",0,"0,0333653618911439","1,2188059626057",0,"0,342424754048268","2,48891551422761","1,60725485682648","1,56720346238631","0,322814148774607","13,5139486598094","1,04040755009688","4,47923645189566","0,635113424249004","0,772225602564761","0,856755306980303"
Abies nebrodensis,"35,3574067064683","0,438188514145551","1,98076547316661","0,696749164985261","0,0254429915591816","0,0528838333186936","0,0661826364425667","0,0614992115129273",0,"2,73337679566112",0,"0,0273090808296249","1,9721491514406",0,"0,298439014285","2,35959573282893","1,40032482375651","1,1767734415421","0,242332857165291","9,67895790219938","1,78873233878856","7,53686958765921","0,518969001096844","0,492005393539288","0,75429419191917"
